Date,OldDate,Source,Headline,Link,Snippet
2025-03-28,2025-03-28,bloomberg.com,KWD to USD Exchange Rate,https://www.bloomberg.com/quote/KWDUSD:CUR,"13 hours ago ... Crude Oil. 69.96. 0.06% · Gold. 3,112.20. 0.69% · Euro. 1.08. 0.06% · Pound/Dollar ... Horizons Middle East & Africa 03/27/2025. updated 16h ago. 1:33:13. Markets."
2025-03-28,2025-03-28,bloomberg.com,OSEAX Quote - Oslo Stock Exchange All Share Index - Bloomberg,https://www.bloomberg.com/quote/OSEAX:IND,"13 hours ago ... Crude Oil. 69.63. 0.41% · Gold. 3,121.40. 0.99% · Euro. 1.08. 0.06% · Pound/Dollar. 1.30 ... Stocks Fall as Trade War Clouds Economic Outlook: Markets Wrap. 1h ..."
2025-03-26,2025-03-26,bloomberg.com,EMXCNT Quote - Bloomberg Emerging Markets ex China Large ...,https://www.bloomberg.com/quote/EMXCNT:IND,"13 hours ago ... Russia Detains Billionaire Founder of Ros Agro, Tass Says. Mar 26, 2025 ... Oil Gains as US Stockpile Data Highlights Tighter Supply Outlook. Mar 26 ..."
2025-03-28,2025-03-28,bloomberg.com,India Bars Oil Tanker Hauling Russian Crude on Documents Lapse ...,https://www.bloomberg.com/news/articles/2025-03-28/india-bars-oil-tanker-hauling-russian-crude-on-documents-lapse?srnd=homepage-middle-east,"6 hours ago ... ... Ukraine in 2022, and the nation's import flows are closely scrutinized by the market. Waves of western sanctions ... War Trump Insists US Must Own Greenland ..."
2025-03-28,2025-03-28,bloomberg.com,EUR to UAH Exchange Rate,https://www.bloomberg.com/quote/EURUAH:CUR,"13 hours ago ... Current exchange rate EURO (EUR) to UKRAINE HRYVNIA (UAH) including ... Crude Oil. 69.74. 0.26% · Gold. 3,113.90. 0.74% · Euro. 1.08. 0.10% · Pound/Dollar. 1.29."
2025-02-18,2025-02-18,bloomberg.com,AUD to TWD Exchange Rate,https://www.bloomberg.com/quote/AUDTWD:CUR,"13 hours ago ... Crude Oil. 69.70. 0.31% · Gold. 3,117.00. 0.84% · Euro. 1.08. 0.08% · Pound/Dollar. 1.29. 0.05% ... Horizons Middle East & Africa 02/08/2025. updated Feb 18, 2025."
2025-03-21,2025-03-21,bloomberg.com,GBP to SGD Exchange Rate,https://www.bloomberg.com/quote/GBPSGD:CUR,"13 hours ago ... Crude Oil. 69.85. 0.10% · Gold. 3,115.20. 0.79% · Euro. 1.08. 0.07% · Pound/Dollar ... Horizons Middle East & Africa 03/21/2025. updated Mar 21, 2025. 47:12."
2025-03-28,2025-03-28,bloomberg.com,EUR to PLN Exchange Rate,https://www.bloomberg.com/quote/EURPLN:CUR,"13 hours ago ... Crude Oil. 69.69. 0.33% · Gold. 3,109.00. 0.59% · Euro. 1.08. 0.21% · Pound/Dollar. 1.29 ... Heathrow Airport Shut After Fire in Worst Disruption in Years | The ..."
2025-03-28,2025-03-28,bloomberg.com,VG1 Quote - Generic 1st 'VG' Future Index,https://www.bloomberg.com/quote/VG1:IND,13 hours ago ... European Gas Extends Drop With LNG Helping to Ease Supply Fears. 12h ago. Oil Gains as US Stockpile Data Highlights Tighter Supply Outlook. 12h ago. Stocks Fall ...
2025-03-28,2025-03-28,bloomberg.com,JPY to CNY Exchange Rate,https://www.bloomberg.com/quote/JPYCNY:CUR,13 hours ago ... 12h ago. Markets. Cnooc Profit Rises on Increased Oil and Gas Drilling Output. updated 13h ago. 1:22:15. Markets. Horizons Middle East & Africa 03/27/2025.
