Person,Count
Biden,362
Putin,347
Russell,68
Explainer,63
Navalny,53
Blinken,46
Kemp,44
Factbox,40
Kerry,39
Xi,39
Johnson,37
Novak,36
Brent,34
COVID-19,28
Erdogan,27
Wagner,26
Brexit,25
Orban,24
Trudeau,24
Lula,20
Kim,18
John Kerry,18
Merkel,18
Pope,16
Pompeo,15
Macron,15
Greta Thunberg,14
Brent Crude,14
Sinopec,13
Lukashenko,13
Pertamina,12
Equinor,11
Bolsonaro,11
Sputnik,11
McCarthy,11
Teck,10
Kim Jong Un,10
Bill,10
Raab,9
Sunak,9
Surgut,8
Ramaphosa,8
Avdiivka,8
Gunvor,8
Bill Gates,8
Modi,7
Elon Musk,7
Nornickel,7
Guaido,7
Justin Trudeau,7
Maguire,7
Michel,7
Wang Yi,7
Forrest,7
Al Gore,6
Charles,6
Evan Gershkovich,6
Meloni,6
Platts,6
Obama,6
Cameron,6
Vladimir Putin,6
Granholm,6
Odesa,6
Scholz,5
Schumer,5
Medvedev,5
Borrell,5
Santos,5
Moon,5
Joe Biden,5
Vladimir Putin's,5
Netanyahu,5
Powell,5
Cap,5
DeSantis,5
Wagner Mutiny,5
Assad,5
Transcript,5
Haftar,5
Rubio,5
Harris,5
Lagarde,5
Mike Johnson,5
Olaf Scholz,4
EnCap,4
Hamilton,4
Warren Buffett,4
Yoon,4
Buffett,4
Rosneft,4
Ron DeSantis,4
Joe Biden's,4
Joe Manchin's,4
Mahsa Amini,4
Sharma,4
Yellen,4
Khamenei,4
Leyen,4
al-Shaheen,4
Vattenfall,4
Kishida,4
Andy Home,4
Marcos,4
Sanchez,4
Niall Ferguson,4
Greta,4
Viktor Orban,4
Wintershall Dea,4
Kamala Harris,4
Baker Hughes,4
Hin Leong,4
Covid,4
Boris Johnson,4
Calvino,3
Dagestan,3
Abu Dhabi's,3
Thunberg,3
Moscow Attack,3
Rishi Sunak's,3
Al Jaber,3
Bassil,3
Yevgeny Prigozhin,3
Alexei Navalny,3
Xie Zhenhua,3
Karabakh,3
Bailey,3
Laura,3
Sidney Powell,3
Pelosi,3
Shein,3
John Kemp,3
Francis,3
Vale,3
David Malpass,3
BoC,3
Tullow,3
Maya,3
Saakashvili,3
Ambani,3
Liz Truss,3
McConnell,3
Rishi Sunak,3
Peter Apps,3
Khodorkovsky,3
Hess,3
Abramovich,3
Amrita Sen,3
Trump,3
Kim Jong Un's,3
Tai,3
Rusal,3
John Kerry's,3
Gershkovich,3
Ida,3
Mali,3
Kallas,3
Rutte,3
Ukraine Needs,3
Coates,3
Taylor Swift's,3
Kuroda,3
Queen Elizabeth,2
Max Hastings,2
Sullivan,2
Jaber,2
Rustem Umerov,2
Hunt,2
Preem,2
Kolomoisky,2
Stalin,2
Putin Speech,2
Starmer,2
Alert,2
Sandu,2
Clinton,2
Bakhmut,2
Alexey Navalny,2
Will Putin,2
Jeff Marootian,2
Zambia Chamber of Mines,2
Ukraine Aid,2
Herzog,2
Yen,2
Michael Bloomberg,2
Valero Port Arthur,2
Tinubu,2
Antony Blinken,2
Jose Pocaterra,2
Brent crude's,2
Albanese,2
Transnistria,2
Khakimov,2
EU Aims,2
Rinehart,2
Bill Gates',2
Acciona,2
Manchin,2
Biden Approves,2
Fumio Kishida,2
Murdoch,2
Kaczynski,2
Magnitsky,2
Ardian,2
Brittney Griner,2
Jera,2
Wheat Falls,2
Xi Jinping,2
Ardern,2
Bern,2
Putin-Biden,2
Sultan Al Jaber,2
Aoun,2
Jordan,2
Brady,2
Wheat Jumps,2
Friedrich Vorwerk,2
Xi-Putin,2
Le Maire,2
Falling Short,2
Daleep Singh,2
Umunna,2
Yergin,2
Trump Wins,2
Grip,2
Novatek,2
Brouillette,2
Wartsila,2
Austin,2
Williams,2
Biden Weighs,2
Ofgem,2
Frack,2
Ifax,2
W. Africa Crude-European,2
Tom Steyer,2
Chris Skidmore,2
Logan Paul's,2
Zanganeh,2
Gertler,2
Kramatorsk,2
Sam Altman's,2
Odebrecht,2
Kevin McCarthy,2
Andy Home - Metals & Mining,2
Rio,2
Ajay Banga,2
Capline,2
Putin Pushes,2
Griffin,2
DAVOS,2
Taylor Swift,2
Bonny Light,2
Cushing,2
Abrams Tanks,2
Drax,2
Andrzej Duda,2
Eletrobras,2
N. Macedonia,2
Biden Meets,2
Kryvyi Rih,2
Bolton,2
Gorder,2
Biden Team,2
Cosan,2
Dharmendra Pradhan,2
Maduro,2
Biden Ukraine,2
Rouhani,2
Darren Woods,2
Kwarteng,2
Will Be,2
-US,2
Xi Jinping's,2
Saleemul Huq,2
Chris Wright,2
Lim,2
Weber,2
Outlook Sours,2
Milley,2
Smoliy,2
Roman Abramovich,2
Biden Speech,2
Kushner,2
PKN Orlen,2
Beige Book,2
Shut Down,2
Camacho,2
Currie,2
Von Der Leyen,2
Oreshnik,2
Gina McCarthy,2
Lassau,2
Ali Zaidi,2
Fortum,2
Thyssenkrupp,2
Schumacher,2
Zelenskiy,2
Weidmann,2
Gautam Adani,2
Meloni Vows,2
Wildfires Rage,2
Javier Blas,2
Koch,2
Flynn,2
Kataeb Hezbollah,1
Bias,1
Putin Urges Russia Cabinet,1
Mukesh Ambani's,1
Everett LNG,1
Abbas,1
Jizan,1
Albanese Wraps,1
Fill Wagner Gaps,1
Fuel Cap,1
Pumpyansky Blasts,1
Kenichi Hori,1
Zelenskiy Vows,1
Von Der,1
Memo Points,1
Ain Sukhna Begins,1
Binance Exits Russia With Sale of Unit,1
Ukraine Gets Tanks to Repel Russia's,1
Yellen Swipes,1
Sees Drone,1
Must Adapt,1
Charles Will Go,1
Al Mazrouei,1
Grant Shapps,1
Kamala Harris Demands Justice,1
McCarthy Critique,1
Macron Eyes Negotiation Phase,1
Raisi,1
Zelenskiy Vows to Strike,1
Drones Hit Odesa,1
Nikola,1
Andrzej Duda Vows,1
Travis Perkins,1
U.S. Abrams,1
Gutierrez to Fight for Job,1
Said,1
Meloni Sets Foot,1
Andrew Forrest,1
Te Rere Hau,1
Vladimir Putin Pay Off,1
Biden Seeks,1
Sunak Will Widen Climate Aid Definition to Meet Target,1
Will Xi Jinping's Gamble,1
Kim Jong,1
Hilary,1
Costa Samaras,1
Mac,1
Xie Zhenhua's,1
Manchin Short,1
Lays Down Big Agenda Items for Climate Summit,1
Darren Woods',1
Mariam Almheiri,1
Tinkov,1
Tariq Ahmad,1
Oleg Tinkov,1
O'Leary,1
Diia App,1
Giorgia Meloni Prepares,1
Helen Clarkson,1
Squire Patton Boggs,1
Andrey Melnichenk,1
Lavrov Shows,1
Lula Meets,1
Sunak Heads,1
SK Hynix Set,1
Mike Johnson's,1
Ovo,1
Iron Felix',1
Keir Starmer,1
Will Jeremy Hunt Open,1
Ramaphosa Speech,1
Drone Hits Kurchatov,1
Srettha Lines,1
JDE Peet's,1
Viktor Orban Diverges,1
David Lammy,1
Ilya Sachkov,1
Modi -Ukraine,1
Viktor Pshonka,1
Christine Lagarde ECB,1
Yellen Positive on Cap Talks,1
EU Floats,1
Novak Djokovic,1
Dutch F-16s,1
Chrystia Freeland Urge Allies,1
Skips Australian,1
Meet Zelenskiy,1
Barry Silbert's,1
Cameron Winklevoss,1
Drone Flights,1
Vadym Prystaiko,1
Bud Light,1
Robert Hanssen,1
Surovikin,1
Warns Countries on Scaling,1
Lula Says Government to,1
Yoon Warns,1
Resolve,1
Sees Cracks,1
Sunak Pledges,1
Ukraine Crop Shipments,1
Danilov,1
Bola Tinubu,1
Blames Sanctions for Restrictions on Women,1
Deletes Instagram Comments,1
John Browne,1
Vaar,1
Arvo Hallik,1
Kaja Kallas',1
Bidens,1
Policy Risks,1
Jamie Dimon,1
Mulilo,1
Warns Wrong,1
Kal Penn,1
Li,1
Lawrence Wong,1
Davos,1
Jane Fonda,1
Mnangagwa's Son,1
Putin Set,1
Olena Zelenska,1
Whitehouse,1
Biden Lauds,1
Growing China-Russia,1
Rishi Sunak EU,1
Meg O'Neill's,1
Keep Xi's,1
Maire Tecnimont,1
Disregard Kremlin,1
Lavrov,1
Putin Ukraine,1
George F. Kennan,1
Rahul Ghai Ahead,1
Pill,1
Jose Andres Is Part of,1
Kengo Kuma,1
Carlyle Sees,1
Formal Halt,1
Tula,1
May Bring Putin,1
Brent Oil,1
Sinema,1
Manchin Pitches,1
Xi Sends Climate,1
Kerry Meets,1
Cyberattacks Target,1
Bio Hopes African Mission Can End Ukraine War,1
Hugo Velazquez,1
Raising Alarm,1
Antony Blinken Aims,1
Dockworker Strike,1
Biden Moves to Ease Balloon Tensions With,1
Putin News,1
Yellen Heads,1
Pedro Sanchez,1
Kiari Liman,1
Christopher Waller,1
Ratcliffe,1
Mori,1
Pledge Crack Down,1
Xi-Macron Summit,1
Luhansk,1
Sam Bankman-Fried,1
Gabon,1
Stoltenberg Warns,1
Wildfire Smoke,1
Wagner Actions,1
Ain Sukhna,1
Nielsen,1
Urge Biden,1
Arrest,1
Graham,1
OKs,1
Gerasimov,1
Goldman Sees Biden's,1
Signals Russia,1
Guilbeault,1
neo-Nazism,1
Biden Leadership With Tensions,1
Albanese Hails,1
Dan Gertler,1
Macron Aims,1
Arne Schoenbohm,1
Bill Would,1
Biden Biodiesel,1
Kill John Bolton,1
DuLac,1
David Solomon,1
London Tube Strike Has Commuters Set to Face,1
Antonov,1
Signature Dish,1
Rectify Slow Response,1
Hidroelectrica IPO,1
Down Drones Bound,1
Daniel Kretinsky,1
Kaos Superyacht,1
Druzhba,1
Bill Burns,1
Kim Jong Un Meets,1
Russia Slow-Walks Ship Checks,1
Mantashe Sees,1
Sen Sees,1
Zaporizhzhia,1
Bitcoin,1
Matildas,1
Gupta,1
Biden Cabinet,1
Deep Ties,1
-Stoltenberg,1
the Fuel Goes to Europe,1
Sees Biggest Jump,1
Li Hui Kicks,1
Olaf Scholz's,1
Yellen Takes Aim at,1
Ukraine Fighter Jets,1
Kemi Badenoch,1
Ukraine Attack,1
Putin TV,1
Macron Wants,1
Taman,1
Gershkovich -WSJ,1
Letitia James,1
Manchin Pull Vote,1
Prigozhin Plane,1
Kaja Kallas,1
Fossil Fuel Hunger Will,1
Ally Takes,1
McGonigal,1
Ramaphosa Deploys,1
Rishi Sunak Becomes,1
Robert Habeck,1
May Slash Biden's,1
Henry Kissinger Sheds,1
Tinubu Dumps Fuel Subsidy,1
Detente Sparks Jump,1
Citigroup Sees,1
Mohsin Issa Grilled,1
Martin Lewis,1
Maia Sandu,1
Duda Appeals,1
Hadja Lahbib,1
Mark Carney's,1
Cyberattack Disrupts,1
Idris Elba,1
Dwayne,1
John Durham,1
Scholz Sticks,1
Putin Gears,1
John Podesta's,1
Xi Backs Putin,1
Obajtek Exits,1
Draws House,1
John Podesta,1
Azerbaijan Seeks,1
Al Thanis Use,1
WasteFuel,1
Kishida Eye Wind Power,1
Nigel Farage,1
Putin Both Nations Need,1
Anton Siluanov,1
Abdulaziz Bin Salman,1
Fossil Fuel Phase Down,1
Ben Cardin,1
Putin Pledges,1
Sheinbaum Ally,1
Bill Clinton,1
Tariye Gbadegesin,1
Nabiullina Tells,1
Putin Deepens,1
Modi Is Shoring,1
Will Stand,1
Biden Vows Allies,1
Cook Tells,1
John Fieldly,1
Bill Fehrman,1
Goyder Facing,1
Kyivstar,1
Russia Seeks,1
Cava Maker Freixenet,1
Carlyle,1
Panetta,1
Spain Aims,1
Buch,1
Powell Vows,1
Tame Ukraine,1
Gallant Heads,1
Biden Sanctions,1
Kirby,1
Mike Pompeo,1
Down,1
Drone Attacks,1
Fossil Fuel Riddle,1
Igor Sechin,1
Dated Brent,1
Theseus Unloads,1
Hunt Leans,1
Defying Pope,1
Widening Waistlines,1
Palantir,1
Temu Are Driving Oil,1
Lisa Cook,1
Biden-Xi Meeting,1
Putin Digs,1
Samuel Tweah,1
Blow,1
Timmermans Vows,1
Putin China,1
Michael McCaul,1
MbS,1
Mnangagwa a Helicopter,1
Should Shut Down,1
Kara-Murza's,1
"Flush With Cash,",1
Divided,1
Adeyemo,1
Li Hui,1
Sanjay Nayar,1
Fossil Fuel at Climate Meetings,1
Ex-PM,1
Ukraine Allowed,1
Megaships,1
Sikorski,1
Luz Elena Gonzalez,1
al-Jaber,1
Xi Seeks,1
Putin Re-Election:,1
Putin Pushes Funding,1
Austan Goolsbee,1
Carlos Slim Buys Talos,1
Putin Russia,1
Altman,1
Javier Milei Taps Horacio Mar&#xED;n,1
Magid Shenouda,1
Ukrenergo,1
Biden Climate Pledge Imperils,1
Ukraine Retreats,1
Orban Veto,1
Blinken Lands,1
Biden Climate Law Exposes,1
Woodside,1
Xavier Niel,1
Duflo Tells,1
Urges Xi,1
Rene Haas,1
Mantashe,1
Peter Thiel's,1
Slash Biden's,1
Warship Crimea,1
Biden Thwarts Oil Drilling Across Alaska,1
Enagas,1
Valero Sees,1
Fights Ahead,1
Fossil Fuels Must Keep a Role,1
Bonilla,1
Luxon,1
Storm Shadow,1
Gravehawk,1
Wilkinson,1
Greg Saksida,1
Brent Crude Oil,1
Rogan,1
Macron Seeks,1
Tusk,1
Trump Unleashes Chaos,1
Trump Tells,1
Unleash,1
Kevin Gallagher,1
Michal Brings Austerity,1
Carrier Headed,1
Drone Attack,1
Pick JD Vance's,1
Orban Vows,1
Oliver Jeffers,1
Sally Jewell,1
Trump Must Deploy US Troops,1
Santa Ana,1
Biden Defends Move,1
Fahad Ghaffar,1
John Paulson Seeks,1
Fossil Fuel-Only Vessels,1
Ally Gergiev,1
Drone Strikes,1
West Supports,1
Zelenskiy Seek,1
Russian Money,1
Henry Kravis,1
Yermak,1
Drone Barrage,1
Origin,1
Tellurian,1
Superyacht,1
Kim Sent,1
Biden Must Rally a Reluctant G-7 Against,1
Vladislav Sviblov,1
Patel,1
Maaden,1
Grains,1
Arthur Flour Turns,1
Branson,1
Drones Strike,1
Ken Griffin,1
Cope,1
Andrew Brent,1
Chamandy,1
Warns Russia,1
Belarusians,1
Kuleba Feels No Pressure,1
Long-Delayed Oil Pipeline Seeks,1
Defeat Putin,1
Wes Edens',1
Stands Down,1
Sandu Runs,1
Li Qiang,1
Milei Begins,1
Lose Against Russia,1
Kim Vows,1
Greece Aims,1
Sees No Grounds,1
Fiala,1
Warns Ukraine,1
Policy Short,1
Lindner,1
Janet Yellen Defends Climate Progress,1
Enpal,1
Pierre Andurand's,1
Putin Exudes,1
Meg O'Neill,1
Ruto,1
De Nora,1
Robert Fico,1
Graham Threatens,1
Biden Brings ',1
Vladimir Putin Vows,1
Fikile Mbalula,1
Nov al-Shaheen,1
Joe Biden Taps Penny Pritzker,1
Eugene Shvidler,1
Warns Energy,1
Pushes,1
Xi Meets 'Old Friend',1
Looney,1
William Earthshot Prize,1
Zambia Braces,1
Ed Morse,1
Jenny Odell,1
Vows,1
Mayer Brown,1
Nikita Mazepin,1
Russia Attack,1
Katz,1
Meet With Xi to Ease Tensions,1
Tim Short,1
Katalin Novak,1
Frans Timmermans Resigns,1
Georgieva,1
Ramaphosa Dusts,1
Brent Oil Jumps,1
Barbie,1
Brostrom,1
Greene Sees Risk,1
Russia Drones,1
Norris,1
Volodymyr Zelenskiy,1
Putin Paves,1
Biden Funds Heat Pumps Citing Climate Crisis,1
Biden Adopts,1
Orban Presses,1
Pistorius,1
Lula Backs,1
Ukaine,1
Kara,1
Kevin McCarthy's,1
Yukos,1
Wang,1
Wael Sawan,1
Valery Gerasimov,1
Putin Supports,1
Haley,1
Kim Jong-Un Seeks,1
Ambuja Cements,1
Alan Bruce Steps Down,1
Ramaphosa Sets Powers,1
Chip,1
Frans Timmermans Seeks,1
Speech,1
Brent Crude Prices Rise,1
Rishi Sunak Distances,1
Wong,1
Ditching Putin,1
Viral Rebuke,1
Niger,1
Rebuts Report,1
Rudy Giuliani,1
Carlos Slim,1
Morgan,1
Denkov,1
Richard Haass,1
Putin-Erdogan,1
Michael R. Bloomberg,1
Ed Miliband Calls,1
Avdiivka Donestsk Assault Repelled,1
F-16s,1
Barge Traffic Falls,1
Biden Urges McCarthy,1
Delayed Meeting,1
Businesses Urge Biden,1
Instrat,1
Putin Moves,1
Fossil Fuel Levy,1
Would Putin Stop If,1
Gabon Plans,1
Drones Attacked,1
Putin Set for Landslide Win as War,1
Biden Returning to,1
Dan House,1
Socar,1
Vanessa Kerry,1
Roman Abramovich's,1
Macron Goes,1
Alison-Madueke,1
Geert Wilders,1
Biden Must Again Prevent a Wider,1
Putin Vows,1
Ally Vucic,1
Drop Pushes,1
Ukraine Better Prepared for Likely Grid,1
alarm bell,1
Shun Russia,1
Will Sunak's,1
Janet Yellen Optimistic,1
Marcos Deepfake Fans China Tensions With Philippines,1
Putin Ties,1
Fridman Wins,1
Kadyrov,1
Francis Praise,1
Putin Signs,1
Dahal,1
Poman Lo,1
Ally Japan ',1
Kuzmichev,1
Biden Lights,1
Veon Exits Russia,1
Trina Solar,1
Boebert,1
Push,1
Blinken Bound,1
Jackson Walker,1
Biden Races,1
Hidalgo,1
Diversion,1
Cyclone Megan,1
Will Claudia Sheinbaum,1
Elvira Nabiullina,1
Tarmac,1
Greenhushing,1
John Kerry Backs,1
Raj Shah,1
Jacinda Ardern,1
Alexander Novak,1
Brent Oil Price,1
Israel Attack,1
Hillary Clinton,1
Ubben,1
Zaluzhnyi,1
Ken Paxton,1
Hartley,1
JFK,1
Ding Xuexiang,1
2024 Brent,1
Netanyahu U-turn,1
Putin -YTN,1
Ukraine ATACMS,1
Maryinka,1
Monroe,1
Powell Escorted Out of,1
Yonhap,1
Next Blow,1
Biden Casts,1
Noboa,1
Putin Takes,1
Ukraine Recovery Pritzker,1
Janet Yellen,1
Mona Lisa',1
Olam,1
Vinod Khosla,1
Lula Bets,1
Musk,1
Biden Middle East Push,1
Israel Summons,1
Mahsa Amini's,1
Strike Exposes,1
Biden Climate,1
Janet Yellen Urges,1
David Malpass's,1
Liza,1
post-Brexit,1
Dmitry Gudkov,1
Putin Battles,1
Richard Teng Middle,1
Quinn Emanuel,1
Winston,1
Mitt Romney,1
Nancy Pelosi,1
Artem Uss,1
Asharq TV,1
November-,1
Achim Steiner,1
Ecopetrol,1
Edison,1
Sputnik Shot,1
Czar Signals Russia,1
Ross,1
Zeman,1
Sergei Smirnov,1
Biden Enlists Team of Veteran Leaders to,1
Kovalenko,1
Ida -EIA,1
Rostov,1
Mediclinic,1
Hecate,1
Jacques Erni,1
Nuland,1
Cormann,1
Willie Phillips,1
Alex Oh,1
Yamani,1
Beaune,1
Michael Oppenheimer,1
U.S. F-35s,1
de Guindos,1
Sonntag,1
Di Maio,1
Reddy,1
Rusagro,1
Guterres,1
Saleh Mesfer Alshaer,1
Ukraine Backtracks,1
Caro Quintero,1
Rio U-Turns,1
Blattner,1
"Turk, Su",1
Morrison,1
Ted Cruz,1
Fonterra,1
Hariri,1
Mondazzi,1
APPEC Platts,1
Kaabi,1
Yamal -RIA,1
Attenborough,1
Glick,1
-Orban,1
Elderson,1
Italgas,1
Min Aung Hlaing,1
Tim Cook,1
-Blinken,1
Q3 Brent,1
West,1
Mubadala Petroleum,1
Cassandra,1
Ivanka Trump's,1
Kolomoyskyy,1
Devon,1
pope,1
Pang,1
Biden-Merkel,1
Nasrallah,1
Panacea Biotec,1
Lavrov-Blinken,1
Draghi,1
Warren,1
Wildberries,1
Abdullah,1
Pro-Putin,1
Traffic Jam,1
Musk-Twitter,1
US Biden,1
Elon Musk Tweets Space X,1
Covid Spawn,1
de la Mora Exits,1
Matteo Salvini,1
Sunak Tells Truss to Choose Tax Cuts,1
Putin Offers,1
Bare,1
Discuss Griner,1
Meet Putin,1
Liz Truss's,1
Thatcher,1
Albanese Pledges ',1
Verniaiev,1
John Doerr Stanford Donation,1
Take Leave of Absence,1
Asharq,1
Kurti Calls,1
Meloni Pledges,1
Al-Jubeir,1
Blasts Russia,1
John Kerry ',1
Runaway Blaze,1
Burns,1
Biden Admin,1
Uniform,1
F.C.,1
Russia Bet,1
Ukraine Aid Hung,1
Brent Price,1
May Need,1
Joe Manchin,1
Elon Musk Tweets SpaceX,1
Pound Drop,1
Mann,1
Pushes EU,1
Novak Set,1
Counter Putin's,1
Kazakhs Scoop,1
Roscosmos,1
Kono,1
Ukraine Fight,1
Brainard,1
Bennett,1
Johan Sverdrup,1
Ida -Enbridge,1
Andrews Kurth,1
Lockdowns,1
Hegar Bear Down,1
Matsuno,1
Ocasio-Cortez,1
Falck,1
Vortexa,1
Schiff,1
Malpass,1
Prince Charles,1
Wunsch,1
Marshall,1
Ortega,1
Justin Trudeau's,1
Murban Crude,1
Maezawa,1
Firtash,1
Biden-Putin,1
Reynders,1
Baker Botts,1
Andrade Gutierrez,1
Taro Kono,1
Elliott,1
Dixon,1
Cyberattack,1
Biden Keeps,1
Orban Aims,1
Sherman,1
Bryan Sheffield's,1
Gudkov,1
Russia Aiming,1
Sputnik COVID-19,1
-API,1
Towngas China,1
Oi,1
Conte,1
Allawi,1
Lev Parnas,1
BoCom,1
Iren,1
-Algeria,1
Dela,1
Van Gogh,1
Workrise,1
Gail India,1
Carney,1
Boris Nemtsov,1
Sanders Russia,1
Cameron LNG,1
Vaca Muerta,1
Alrosa,1
Isabelle Kocher,1
Gainsborough,1
Fessenheim,1
Sanders,1
Bitcoin Miner,1
Czarnikow,1
Hutchison,1
Sinopec Zhenhai,1
Ted Baker,1
Delek Q4,1
Al Rai,1
Verbund,1
Carl Icahn,1
Zesco,1
Mnuchin,1
Phoenix,1
Joker,1
Aes Tiete,1
Michael Moore's,1
Sokol,1
Valero Meraux,1
PJ Solomon,1
John Hess,1
Sitton,1
Man United,1
Guinea Turns to,1
Defenses Repelled Biggest Drone Attack,1
Mirova,1
Putin-Trump Deal Ending Russia Sanctions,1
Biden Push,1
Putin Assembles,1
Putin-Trump,1
Rubio Discuss,1
Wafra,1
Donald Trump's,1
EU,1
Gaza Stokes Middle East,1
Trump Hit It With Sanctions,1
Larry Summers,1
N. Korea Hack,1
Sergey Brin Backs Startups From Psychedelics to ',1
Permira Set to Bolster,1
Strike Inside,1
Targets Trump,1
Webster,1
Li Fanrong,1
Dai Hung,1
Kocher,1
Ultrapar,1
Wilmar Valdez,1
Assange,1
IMI,1
Sawiris,1
Marshall Isles,1
Safmar,1
Energa,1
Braskem,1
Gasbol,1
Calisen,1
Medupi,1
Charles de Gaulle,1
Serica,1
Aston Martin,1
TGS Q4,1
Mellitah,1
Biden Would,1
Navalny Was Poisoned,1
Mohammed Al Amoudi,1
Amundi,1
Brent Prices,1
Kaplan,1
al-Sarraj - Energy & Oil,1
Whitecap,1
Hammerson,1
Neste,1
Jared Kushner,1
Johnson Talks Middle East Peace,1
Shevchenko,1
Londoners,1
Rokan,1
Fossil Fuel-Free Cleaning Products,1
Saif al-Islam,1
Gaddafi,1
Qaddafi,1
Skikda LNG,1
mins,1
-ABC News,1
Marsh Arabs,1
Castillo,1
Ninian,1
W. Africa Crude-Angola,1
Jazan,1
Jones Act,1
Bakken,1
Al-Dabdaba,1
Lin Wood,1
Craft,1
Qasr,1
hangover - Russell,1
Khalifa Haftar Port Comments,1
Belta,1
Trice,1
Saint-Alban,1
Egypt Shuqair-Mostorod,1
Navalny Poisoning Shows,1
Kioxia,1
Ayala,1
Brent Crude Drops,1
Marco,1
Perez,1
cenbanks,1
Lam,1
W. Africa Crude-,1
Putin Runs,1
Axios,1
Lewis Hamilton,1
Jordan Cove LNG,1
Pompeo Sees Arms Control,1
REPEAT-Marco,1
Binay,1
Nynas,1
Vincent,1
Chuck Yates,1
Aker,1
Gray Oak,1
Lukashenko May Face More EU Sanctions After Crackdown,1
Salman,1
Kaplinsky,1
Carmichael,1
Trump Aides,1
SHANA,1
Putin Ally's,1
Palacios,1
Merkel Weighs Sanctions,1
Transpetro,1
Exmar,1
W. Africa Crude-Djeno,1
COVID-19 Impacted,1
Glass Lewis,1
Maas,1
Katy Daigle,1
Rosneftegaz,1
Tikhonov,1
Rosatom,1
Tutberidze - RIA,1
Medvedeva,1
Abe,1
Russian Crude Shipments,1
McKinsey,1
Burns Assures,1
Putin Weaponizing,1
Grant Carson,1
Putin Signs Off on Annexation,1
Bare Teeth,1
Seeking To Navigate,1
Ramaphosa Declares,1
Ken Griffin Backs,1
Liz Truss Freezes,1
Blavatnik,1
Marko Papic,1
Bradleys,1
Magnifying Glass',1
Jigar Shah,1
Mercedes Wagers,1
Jeremy Hunt's,1
Lay Bare Crack,1
Israel Rethinks,1
Daniel Rice,1
Shutoffs Climbed,1
Petraeus Sees Geopolitic Shocks,1
Biden Weighs Fuel-Storage Mandate,1
Zakhar Prilepin,1
Liam Denning,1
Darya Dugina,1
Putin Before Peace Tweets,1
Dossier Source,1
Putin Blocks,1
Putin Steps,1
Price Cap,1
Laments Lack of Investment,1
Hillary Clinton Seeks Sanctions,1
Oleg Deripaska,1
Hoekstra Warns,1
Mikhail Gorbachev,1
Jake Sullivan,1
Xi Hold Talks,1
Darren Aronofsky,1
Fossil-Fuel Underinvestment,1
Orban Seeks,1
Shows,1
YouTube Stars',1
Putin Brings,1
Liz Truss Rules Out New Taxes,1
Halliburton,1
Simson,1
Brittney Griner Prison Swap,1
Scholz Wins Brief Respite,1
Biden Team Vows Consequences,1
Newsom,1
Sam Zell,1
Truss Target to Be Energy Exporter Means Challenging UK Reversal,1
Putin Attacks,1
Moniz,1
David Fickling,1
Bang Energy Drink's,1
James Shaw,1
Biden Energy Push,1
Megayacht,1
Yum Exits,1
Sunak Arrive,1
Mulling U-Turn,1
Norman Foster,1
Could Bring Dawn,1
Putin Launched His Invasion of Ukraine,1
Yellen Says Ending War,1
Soros,1
Micheal Martin,1
Tony Blevins,1
Nurses,1
Bloomberg Briefing,1
Weakens Wagner,1
"People Eat Around the World Puts Climate,",1
Governments Need to,1
Sunak Braces,1
Ryanair,1
Miner,1
Robert Habeck Seeks Aid,1
Daniel Mac,1
Biden Targets Russian Mercenaries,1
Tells Oil Speculators,1
Elizabeth Warren,1
Probes Leak,1
Grossi,1
Explainer-Blood,1
Mukesh Ambani,1
Jeremy Hunt,1
Traton Sees,1
Abbott Calls,1
Biden Touts Enphase Energy Investments,1
Harold Hamm,1
Superyacht Nord Sails,1
chuck,1
Welt,1
Maduro Pushes,1
Putin Weaponizing Energy With Oil Output Cut,1
Stirs Up,1
KCNA,1
Stanlib,1
Sierra Leone's,1
Samurai Swords,1
Biden Will Make,1
Zac Goldsmith,1
Wagner Russia Mutiny,1
Biden Aides,1
Arnold Schwarzenegger Talks Climate Change With,1
Freezing Weather,1
Luhansk Referendums,1
Fang Cheng Bao,1
Soledar,1
Putin Talks on Ending Invasion,1
Biden-Macron Meeting,1
June al-Shaheen,1
Wang Yi Set,1
Brent Outlook,1
Alekperov Bids Value ',1
Al Maskari Family,1
Blinken Xi,1
Hunter,1
Ian,1
Eurovision Song Contest,1
Franco,1
Xie,1
Urges Beijing,1
"G-20 Angers Kyiv, Fuel Crisis",1
Trudeau Sees Progress,1
Trevi Fountain,1
Kevin McCarthy Battle,1
Bill Discount,1
Putin Makes Surprise,1
Putin Plans,1
McCrea Likens Biden,1
Turkey Vows,1
Wopke Hoekstra,1
Jones Act-Limbo,1
Smith,1
Deepening Russia,1
Sunak Vows,1
Exodus,1
Erdogan Adds,1
G-7 Vows,1
Wants Speedier,1
Johan Sverdrup Crude,1
Fars,1
Mark Carney,1
Hawks,1
Usmanov,1
Pelosi Playbook,1
Granholm Extols,1
Biden Set,1
Sees an Oil-Price Cap ',1
Xi-Putin Meeting,1
Orban Strikes,1
Arrest Warrant,1
Elon Musk's,1
Putin Orders,1
Naked Emperor,1
Rayner,1
Greg Hands,1
Gunvor Re-Enters Metals,1
Falls Short,1
Face Kazakh Crude,1
Francis Blasts,1
May Put Biden,1
Bill Targeting,1
Chuck Schumer,1
Emmanuel Macron Backs,1
Egypt Aims,1
Giuliani,1
Grain Shipments,1
Fights Putin's,1
Gore,1
Snipes,1
Janet Yellen's,1
Outlook Stays,1
Policy Outlook,1
Guggenheim Duo,1
Bill Biden,1
Sees Crude,1
Warming Goal Dead,1
Lewandowski,1
Sunak Spends,1
Putin Building ',1
James Packer,1
McKay Gives,1
Marcos Calls Out Climate Change 'Injustice',1
Fear Watered-Down,1
Frozen US-,1
Russia Cap,1
Drone Strikes Show Putin,1
Putin Skips,1
Britons Rip Out,1
La Nina,1
Carney Sees ',1
Lula Moves,1
Atlantic,1
Granholm Call to,1
Putin Threatens New Military Strikes,1
Vanessa Nakate,1
Putin Land Grab Meets,1
DUK,1
Mark Hutchinson,1
Liz Truss Nanny State,1
Tulsi Tanti Dies,1
Murdochs,1
Shapps,1
Bernie Sanders,1
Gavin Gray,1
Patagonia,1
Usyk Beats Joshua,1
Sherry Rehman,1
Cristina Fernandez de Kirchner,1
Keurig Dr Pepper's,1
Biden Call,1
no Return Path to Production,1
Question Putin,1
Mahathir Tweets,1
Biden Team's,1
Putin Assails,1
Dead Seals,1
Macron Lashes Out,1
Griner,1
Ted Cruz Urges Sanctions,1
Sarath Ratanavadi,1
Doubles Down,1
Bill Aid,1
Auchan Sticks,1
Adani,1
Putin Ally,1
Elon Musk Tweets Praise,1
Putin Targets,1
Warren Buffett's,1
Mapping EU,1
Measures,1
the Wrong Way on Energy Bailout,1
Erdogan Seeks,1
Al Gore-,1
Dimon Defends Need,1
Putin Troop Mobilization,1
Liz Truss Earmarks,1
Xi-Biden,1
Binance,1
Superpower Image,1
Ian-Ravaged Area,1
Ratchets,1
Salman Rushdie,1
Jonas Gahr Store Warns,1
Keurig Dr,1
Goldman,1
Energoatom,1
Tugendhat,1
The Elon Musk of Climate Plans,1
Putin Hails,1
Mike Cannon-Brook,1
Covid Zero,1
Torpedo Biden's,1
Warns Against Depleting Crude Buffers,1
Threw Soup Over Van Gogh,1
Bob Geldof Backs Climate Activists,1
Gorbachev,1
Make Quick Buck,1
Bowden Takes,1
Brittney Griner Vows,1
Manchin Plan,1
Daughter of,1
Putin a Lifeline,1
Ocampo,1
Wind Down,1
Torrent,1
Schroeder,1
Mubadala Commits,1
Fox,1
Lula Mulls,1
Putin Oversees,1
Hochstein,1
Putin Plays Down Nuclear Threat,1
Posco,1
Erdogan Sees,1
Putin Bombing,1
Putin Cracks,1
Shun Russia's,1
Fico Eyes,1
Putin Poised,1
Warnings Lay Bare Crippling,1
Putin Meets Modi,1
Elon Musk Tweets Complicate,1
Biden Warn,1
Michael Casey,1
Joe Manchin Blames ',1
Pulls Out,1
Whelan,1
Zahawi,1
Fossil Fuels to,1
Sharing,1
Halting Warming,1
Bill Keeps,1
Nakhle,1
Keystone Spill:,1
Vulnerable Britons Unable to,1
Sen,1
Miguel Diaz-Canel Heads,1
Macron Heads,1
Rules Out,1
Bin Talal,1
Ukraine Must Surrender,1
Paul Whelan,1
Amini Protests,1
Turkey Closes,1
Asperger,1
Oil Drops,1
Ukraine Prevails,1
Putin Survival ',1
Kissinger,1
Fermin Fontanes,1
Jennifer Granholm,1
Bill Fallout,1
Falling Victim,1
Saddam Hussein's,1
Suicide Drones Strike Fear,1
Nhf Warns,1
Zelenskiy Meets,1
Joe Manchin Pulls Energy-Permitting Plan,1
Deep Flaws,1
Tory Frontrunner Truss Declines,1
Liz Truss Energy Bill Rescue,1
