Event,Count
War,132
Ukraine War,58
WRAPUP,9
Russia War,7
Hurricane Ida,5
World Cup,3
New Year,3
the Ukraine War,3
UN Climate Summit,2
JERA,2
March -Baker Hughes - Energy & Oil,2
Indonesia 2020,2
Hurricane Laura,2
Ukraine War Drags,2
Olympics,2
Earth Day,2
US Inflation Reduction Act,2
Africa Climate Summit,2
Peril,2
Victory Day,2
the Climate Crisis,2
Cold War II,2
the Iran Sanctions Snapback,1
Hurricane Laura - Agricultural Commodities,1
Changing Climate Viewed,1
World Climate Conference,1
Event of War,1
Unity Day,1
Russian War Is Actually Reducing,1
Ukraine War Sanctions: Europe's,1
Ukraine War Forces Ugly Bargains,1
Vietnam - Energy & Oil,1
Black Friday,1
War Economy,1
Iran - Energy & Oil,1
Datteln 4,1
Ukraine War Escalation,1
Ukraine War Balancing Act,1
Ukraine War Escalate a Huge Climate Risk,1
Crucial Week Two,1
Climate Summit,1
Ukraine War Is Entering a Terrifying New Phase,1
Zaporizhzhia Nuclear Plant,1
Next Ukraine Mission,1
Frigid Winter,1
Economic Crisis,1
'Climate Catastrophe',1
World Cup Bid,1
Hurricane Ian,1
Ukraine Crisis in,1
Frenzied Crisis Week,1
Ukraine War Roils Economy,1
Production Next Spring,1
Air War,1
the War Ruins,1
US Rail Begins Curtailments Ahead of,1
The Political Week,1
Europe Energy Crisis,1
Ending War,1
the World Cup,1
"US Talks on Climate, Tax Law",1
World Cup Travel Faces Disruption,1
Deadly Winter Storm,1
World War 3,1
Cold War 2,1
Olympics -Seoul - Energy & Oil,1
Super Bowl,1
Iran - Trump,1
Russia War Drags,1
The Year,1
US Farms,1
World of K-,1
New Climate,1
Russian War Solidifies Asia's,1
Ukraine War Rages On,1
Latest Stories,1
Hurricane Season,1
Summer of Discontent: Balance of Power,1
Ukraine War Prompts Arctic Rivalry in,1
The Ukraine War-Driven Coal Surge Set Us Back,1
War Games,1
US Midterm Elections Could Fuel Stock Market Rally,1
Ukraine War Drags On,1
The Ukraine War,1
Winter Energy Crisis,1
Ukraine War Tears a Hole,1
the Winter War,1
Ukraine War Has Come Home,1
a Cold War Means for Central Banks,1
Summer Climate Normal,1
US Sanctions 2,1
Iran-Sized,1
"2023 Economy, War",1
World War II,1
Food-Fuel Standoff,1
the War Into,1
What Cold War,1
World War Three,1
Ukraine War 2022,1
Weakest Moment',1
Winter Crisis,1
Typhoon Mawar Highlights Climate Risk,1
Russia Lunar,1
Ukraine War End,1
Prigozhin,1
Resolve War,1
the Energy War and Now,1
Cold War,1
Iran Nuclear Deal Is Dead Amid,1
Eyes War-Risk Insurance Scheme,1
the New START Nuclear Arms Treaty,1
Olympics-IOC,1
One Year,1
Despite Climate Crisis,1
Iran Crude Exports,1
Hurricane Idalia,1
'War of Ideas',1
New Cold War Between,1
Post-War Push,1
Ukraine War Latest:,1
Climate Declaration,1
Climate Week,1
Ukraine War Lifted Oil,1
Cold-War Law,1
Unveils War-Risk Insurance Scheme for,1
Russia War Windfall,1
US Crude Stockpiles Fall,1
the Battle of Bakhmut,1
Autumn Statement,1
the Global Oil Market,1
Ukraine War Latest,1
New War Arms and Tactics Ahead,1
Host Third Gathering of Allies,1
Ukraine War: Why Clearing Landmines Is Critical,1
COP Climate Summit,1
Protesting Ukraine War on Live TV,1
War a 'War',1
World-Class Flood Defenses,1
The Paris Meeting,1
Key Climate Change Terms,1
Turbulent Week Reveals Russia Policy Divide,1
Kinzhal,1
China War,1
Ukraine War Swells,1
Futuristic Climate Show,1
World Climate Summit,1
Information War,1
Cold War Era Law,1
Skip Malta Meeting,1
Istanbul Nears,1
Deadly Libya Floods,1
Ukraine War Goals,1
US Reactor Fuel Makers,1
The Climate Transition,1
Ballistic Missile Strike,1
US Sanctions Show Early Signs of Disrupting,1
World War Against,1
Ukraine War Stance Is Trapped,1
Get Out of the Middle East,1
October Inflation,1
New Russian Missile Attack,1
Houston Day 2,1
World Bank Open,1
The Annual Climate Festival,1
Deadly Asia Heat Wave,1
Ukraine War Is Harder After Collapse of Grain Deal,1
War May Destroy Its Energy Market Forever,1
Ukraine War Anniversary Nears,1
Tough Week,1
Fund War,1
Ukraine War Sanctions Lock Billions of Dollars,1
The Year Heat Came,1
the Medieval Warm Period,1
World Face Reckoning,1
US Briefing,1
US Sanctions Predator Spyware Maker Saying It Targeted Americans,1
Second Egypt Wheat Ship,1
US Jet Fuel Plant,1
Russian Olympic Body,1
Cold-War Levels,1
Eyes Ukraine Reform Approval,1
US Sanctions Ramp,1
Win Its War Against Russia,1
The Arctic Revolution,1
US Nuclear Reactors Could be,1
Hurricane Katrina,1
World Fencing Body,1
Week One,1
US Expansion,1
the Climate Fight,1
Taiwan Nuclear Phase-Out Plan Threatens Chip Industry Energy Supply,1
Win War,1
Jeopardy,1
Only Nuclear Plant From Climate Risks,1
Russia War Economy:,1
Syria War: Conflict Heats Up With,1
